D:/Hoffman/_Aberdeen/IMANOVA_BRAIN+SKULL/ARI PARAMS/Frame1/,D:/Hoffman/NiftiImages/Aberdeen_01.nii.gz
D:/Hoffman/_Aberdeen/IMANOVA_BRAIN+SKULL/ARI PARAMS/Frame2/,D:/Hoffman/NiftiImages/Aberdeen_02.nii.gz
D:/Hoffman/_Aberdeen/IMANOVA_BRAIN+SKULL/ARI PARAMS/Frame3/,D:/Hoffman/NiftiImages/Aberdeen_03.nii.gz
D:/Hoffman/_Aberdeen/IMANOVA_BRAIN+SKULL/ARI PARAMS/Frame4/,D:/Hoffman/NiftiImages/Aberdeen_04.nii.gz
D:/Hoffman/_Aberdeen/IMANOVA_BRAIN+SKULL/ARI PARAMS/Frame5/,D:/Hoffman/NiftiImages/Aberdeen_05.nii.gz
D:/Hoffman/_Aberdeen/IMANOVA_BRAIN+SKULL/ARI PARAMS/Frame6/,D:/Hoffman/NiftiImages/Aberdeen_06.nii.gz
D:/Hoffman/_Aberdeen/IMANOVA_BRAIN+SKULL/IMANOVA PARAMS/Frame1/,D:/Hoffman/NiftiImages/Aberdeen_07.nii.gz
D:/Hoffman/_Aberdeen/IMANOVA_BRAIN+SKULL/IMANOVA PARAMS/Frame2/,D:/Hoffman/NiftiImages/Aberdeen_08.nii.gz
D:/Hoffman/_Aberdeen/IMANOVA_BRAIN+SKULL/IMANOVA PARAMS/Frame3/,D:/Hoffman/NiftiImages/Aberdeen_09.nii.gz
D:/Hoffman/_Aberdeen/IMANOVA_BRAIN+SKULL/IMANOVA PARAMS/Frame4/,D:/Hoffman/NiftiImages/Aberdeen_10.nii.gz
D:/Hoffman/_Aberdeen/IMANOVA_BRAIN+SKULL/IMANOVA PARAMS/Frame5/,D:/Hoffman/NiftiImages/Aberdeen_11.nii.gz
D:/Hoffman/_Aberdeen/IMANOVA_BRAIN+SKULL/IMANOVA PARAMS/Frame6/,D:/Hoffman/NiftiImages/Aberdeen_12.nii.gz
D:/Hoffman/_Aberdeen/IMANOVA_BRAIN+SKULL/WB Standard/,D:/Hoffman/NiftiImages/Aberdeen_13.nii.gz
D:/Hoffman/_Aberdeen/IMANOVA_BRAIN_NO_SKULL/ARI PARAMS/Frame1/,D:/Hoffman/NiftiImages/Aberdeen_14.nii.gz
D:/Hoffman/_Aberdeen/IMANOVA_BRAIN_NO_SKULL/ARI PARAMS/Frame2/,D:/Hoffman/NiftiImages/Aberdeen_15.nii.gz
D:/Hoffman/_Aberdeen/IMANOVA_BRAIN_NO_SKULL/ARI PARAMS/Frame3/,D:/Hoffman/NiftiImages/Aberdeen_16.nii.gz
D:/Hoffman/_Aberdeen/IMANOVA_BRAIN_NO_SKULL/ARI PARAMS/Frame4/,D:/Hoffman/NiftiImages/Aberdeen_17.nii.gz
D:/Hoffman/_Aberdeen/IMANOVA_BRAIN_NO_SKULL/ARI PARAMS/Frame5/,D:/Hoffman/NiftiImages/Aberdeen_18.nii.gz
D:/Hoffman/_Aberdeen/IMANOVA_BRAIN_NO_SKULL/ARI PARAMS/Frame6/,D:/Hoffman/NiftiImages/Aberdeen_19.nii.gz
D:/Hoffman/_Aberdeen/IMANOVA_BRAIN_NO_SKULL/IMANOVA PARAMS/Frame1/,D:/Hoffman/NiftiImages/Aberdeen_20.nii.gz
D:/Hoffman/_Aberdeen/IMANOVA_BRAIN_NO_SKULL/IMANOVA PARAMS/Frame2/,D:/Hoffman/NiftiImages/Aberdeen_21.nii.gz
D:/Hoffman/_Aberdeen/IMANOVA_BRAIN_NO_SKULL/IMANOVA PARAMS/Frame3/,D:/Hoffman/NiftiImages/Aberdeen_22.nii.gz
D:/Hoffman/_Aberdeen/IMANOVA_BRAIN_NO_SKULL/IMANOVA PARAMS/Frame4/,D:/Hoffman/NiftiImages/Aberdeen_23.nii.gz
D:/Hoffman/_Aberdeen/IMANOVA_BRAIN_NO_SKULL/IMANOVA PARAMS/Frame5/,D:/Hoffman/NiftiImages/Aberdeen_24.nii.gz
D:/Hoffman/_Aberdeen/IMANOVA_BRAIN_NO_SKULL/IMANOVA PARAMS/Frame6/,D:/Hoffman/NiftiImages/Aberdeen_25.nii.gz
D:/Hoffman/_Aberdeen/IMANOVA_BRAIN_NO_SKULL/WB Standard/,D:/Hoffman/NiftiImages/Aberdeen_26.nii.gz
D:/Hoffman/_Belfast/Local/Brain Standard 1.25mm/,D:/Hoffman/NiftiImages/Belfast_01.nii.gz
D:/Hoffman/_Belfast/Local/Hoffmann Clinical/Frame1/,D:/Hoffman/NiftiImages/Belfast_02.nii.gz
D:/Hoffman/_Belfast/Local/Hoffmann Clinical/Frame2/,D:/Hoffman/NiftiImages/Belfast_03.nii.gz
D:/Hoffman/_Belfast/Local/Hoffmann Clinical/Frame3/,D:/Hoffman/NiftiImages/Belfast_04.nii.gz
D:/Hoffman/_Belfast/Local/Hoffmann Clinical/Frame4/,D:/Hoffman/NiftiImages/Belfast_05.nii.gz
D:/Hoffman/_Belfast/Local/Hoffmann Clinical/Frame5/,D:/Hoffman/NiftiImages/Belfast_06.nii.gz
D:/Hoffman/_Belfast/Local/Hoffmann Clinical/Frame6/,D:/Hoffman/NiftiImages/Belfast_07.nii.gz
D:/Hoffman/_Belfast/Local/Hoffmann summed/,D:/Hoffman/NiftiImages/Belfast_08.nii.gz
D:/Hoffman/_Belfast/Local/ISGARS/0/Frame1/,D:/Hoffman/NiftiImages/Belfast_09.nii.gz
D:/Hoffman/_Belfast/Local/ISGARS/0/Frame2/,D:/Hoffman/NiftiImages/Belfast_10.nii.gz
D:/Hoffman/_Belfast/Local/ISGARS/0/Frame3/,D:/Hoffman/NiftiImages/Belfast_11.nii.gz
D:/Hoffman/_Belfast/Local/ISGARS/0/Frame4/,D:/Hoffman/NiftiImages/Belfast_12.nii.gz
D:/Hoffman/_Belfast/Local/ISGARS/0/Frame5/,D:/Hoffman/NiftiImages/Belfast_13.nii.gz
D:/Hoffman/_Belfast/Local/ISGARS/0/Frame6/,D:/Hoffman/NiftiImages/Belfast_14.nii.gz
D:/Hoffman/_Belfast/Local/ISGARS/0/Frame7/,D:/Hoffman/NiftiImages/Belfast_15.nii.gz
D:/Hoffman/_Belfast/Standard/Brain 2.5mm interval/,D:/Hoffman/NiftiImages/Belfast_16.nii.gz
D:/Hoffman/_Belfast/Standard/Hoffmann standard unlisted/Frame1/,D:/Hoffman/NiftiImages/Belfast_17.nii.gz
D:/Hoffman/_Belfast/Standard/Hoffmann standard unlisted/Frame2/,D:/Hoffman/NiftiImages/Belfast_18.nii.gz
D:/Hoffman/_Belfast/Standard/Hoffmann standard unlisted/Frame3/,D:/Hoffman/NiftiImages/Belfast_19.nii.gz
D:/Hoffman/_Belfast/Standard/Hoffmann standard unlisted/Frame4/,D:/Hoffman/NiftiImages/Belfast_20.nii.gz
D:/Hoffman/_Belfast/Standard/Hoffmann standard unlisted/Frame5/,D:/Hoffman/NiftiImages/Belfast_21.nii.gz
D:/Hoffman/_Belfast/Standard/Hoffmann standard unlisted/Frame6/,D:/Hoffman/NiftiImages/Belfast_22.nii.gz
D:/Hoffman/_Belfast/Standard/Hoffmann std clinical/,D:/Hoffman/NiftiImages/Belfast_23.nii.gz
D:/Hoffman/_Belfast/Standard/Hoffmann summed clinical/,D:/Hoffman/NiftiImages/Belfast_24.nii.gz
D:/Hoffman/_Belfast/Standard/Hoffmann summed std/,D:/Hoffman/NiftiImages/Belfast_25.nii.gz
D:/Hoffman/_Belfast/Standard/ISGARS/0/Frame1/,D:/Hoffman/NiftiImages/Belfast_26.nii.gz
D:/Hoffman/_Belfast/Standard/ISGARS/0/Frame2/,D:/Hoffman/NiftiImages/Belfast_27.nii.gz
D:/Hoffman/_Belfast/Standard/ISGARS/0/Frame3/,D:/Hoffman/NiftiImages/Belfast_28.nii.gz
D:/Hoffman/_Belfast/Standard/ISGARS/0/Frame4/,D:/Hoffman/NiftiImages/Belfast_29.nii.gz
D:/Hoffman/_Belfast/Standard/ISGARS/0/Frame5/,D:/Hoffman/NiftiImages/Belfast_30.nii.gz
D:/Hoffman/_Belfast/Standard/ISGARS/0/Frame6/,D:/Hoffman/NiftiImages/Belfast_31.nii.gz
D:/Hoffman/_Belfast/Standard/ISGARS/0/Frame7/,D:/Hoffman/NiftiImages/Belfast_32.nii.gz
D:/Hoffman/_Cambridge/ISGARS/NoSkull/0-5 MIN/,D:/Hoffman/NiftiImages/Cambridge_01.nii.gz
D:/Hoffman/_Cambridge/ISGARS/NoSkull/10-15 MINS/,D:/Hoffman/NiftiImages/Cambridge_02.nii.gz
D:/Hoffman/_Cambridge/ISGARS/NoSkull/15-20 MINS/,D:/Hoffman/NiftiImages/Cambridge_03.nii.gz
D:/Hoffman/_Cambridge/ISGARS/NoSkull/20-25 MINS/,D:/Hoffman/NiftiImages/Cambridge_04.nii.gz
D:/Hoffman/_Cambridge/ISGARS/NoSkull/25-30 MINS/,D:/Hoffman/NiftiImages/Cambridge_05.nii.gz
D:/Hoffman/_Cambridge/ISGARS/NoSkull/5-10 MIN/,D:/Hoffman/NiftiImages/Cambridge_06.nii.gz
D:/Hoffman/_Cambridge/ISGARS/NoSkull/VPHD 4.0 (3,18)/,D:/Hoffman/NiftiImages/Cambridge_07.nii.gz
D:/Hoffman/_Cambridge/ISGARS/NoSkull/VPHD-S 2.0 (24,3)/,D:/Hoffman/NiftiImages/Cambridge_08.nii.gz
D:/Hoffman/_Cambridge/ISGARS/Skull/0-5 MINS/,D:/Hoffman/NiftiImages/Cambridge_09.nii.gz
D:/Hoffman/_Cambridge/ISGARS/Skull/10-15 MINS/,D:/Hoffman/NiftiImages/Cambridge_10.nii.gz
D:/Hoffman/_Cambridge/ISGARS/Skull/15-20 MINS/,D:/Hoffman/NiftiImages/Cambridge_11.nii.gz
D:/Hoffman/_Cambridge/ISGARS/Skull/20-25 MINS/,D:/Hoffman/NiftiImages/Cambridge_12.nii.gz
D:/Hoffman/_Cambridge/ISGARS/Skull/25-30 MINS/,D:/Hoffman/NiftiImages/Cambridge_13.nii.gz
D:/Hoffman/_Cambridge/ISGARS/Skull/5-10 MINS/,D:/Hoffman/NiftiImages/Cambridge_14.nii.gz
D:/Hoffman/_Cambridge/ISGARS/Skull/VPHD 4.0 (3,18)/,D:/Hoffman/NiftiImages/Cambridge_15.nii.gz
D:/Hoffman/_Cambridge/ISGARS/Skull/VPHD-S 2.0 (24,3)/,D:/Hoffman/NiftiImages/Cambridge_16.nii.gz
D:/Hoffman/_Cambridge/NoSkull/0-5 MIN/,D:/Hoffman/NiftiImages/Cambridge_17.nii.gz
D:/Hoffman/_Cambridge/NoSkull/10-15 MINS/,D:/Hoffman/NiftiImages/Cambridge_18.nii.gz
D:/Hoffman/_Cambridge/NoSkull/15-20 MINS/,D:/Hoffman/NiftiImages/Cambridge_19.nii.gz
D:/Hoffman/_Cambridge/NoSkull/20-25 MINS/,D:/Hoffman/NiftiImages/Cambridge_20.nii.gz
D:/Hoffman/_Cambridge/NoSkull/25-30 MINS/,D:/Hoffman/NiftiImages/Cambridge_21.nii.gz
D:/Hoffman/_Cambridge/NoSkull/5-10 MIN/,D:/Hoffman/NiftiImages/Cambridge_22.nii.gz
D:/Hoffman/_Cambridge/NoSkull/VPHD 4.0 (3,18)/,D:/Hoffman/NiftiImages/Cambridge_23.nii.gz
D:/Hoffman/_Cambridge/NoSkull/VPHD-S 2.0 (24,3)/,D:/Hoffman/NiftiImages/Cambridge_24.nii.gz
D:/Hoffman/_Cambridge/Skull/0-5 MINS/,D:/Hoffman/NiftiImages/Cambridge_25.nii.gz
D:/Hoffman/_Cambridge/Skull/10-15 MINS/,D:/Hoffman/NiftiImages/Cambridge_26.nii.gz
D:/Hoffman/_Cambridge/Skull/15-20 MINS/,D:/Hoffman/NiftiImages/Cambridge_27.nii.gz
D:/Hoffman/_Cambridge/Skull/20-25 MINS/,D:/Hoffman/NiftiImages/Cambridge_28.nii.gz
D:/Hoffman/_Cambridge/Skull/25-30 MINS/,D:/Hoffman/NiftiImages/Cambridge_29.nii.gz
D:/Hoffman/_Cambridge/Skull/5-10 MINS/,D:/Hoffman/NiftiImages/Cambridge_30.nii.gz
D:/Hoffman/_Cambridge/Skull/VPHD 4.0 (3,18)/,D:/Hoffman/NiftiImages/Cambridge_31.nii.gz
D:/Hoffman/_Cambridge/Skull/VPHD-S 2.0 (24,3)/,D:/Hoffman/NiftiImages/Cambridge_32.nii.gz
D:/Hoffman/_Cardiff/NoSkull/NO SKULL - PETIC PARAMETERS/Frame1/,D:/Hoffman/NiftiImages/Cardiff_01.nii.gz
D:/Hoffman/_Cardiff/NoSkull/NO SKULL - PETIC PARAMETERS/Frame2/,D:/Hoffman/NiftiImages/Cardiff_02.nii.gz
D:/Hoffman/_Cardiff/NoSkull/NO SKULL - PETIC PARAMETERS/Frame3/,D:/Hoffman/NiftiImages/Cardiff_03.nii.gz
D:/Hoffman/_Cardiff/NoSkull/NO SKULL - PETIC PARAMETERS/Frame4/,D:/Hoffman/NiftiImages/Cardiff_04.nii.gz
D:/Hoffman/_Cardiff/NoSkull/NO SKULL - PETIC PARAMETERS/Frame5/,D:/Hoffman/NiftiImages/Cardiff_05.nii.gz
D:/Hoffman/_Cardiff/NoSkull/NO SKULL - PETIC PARAMETERS/Frame6/,D:/Hoffman/NiftiImages/Cardiff_06.nii.gz
D:/Hoffman/_Cardiff/NoSkull/NO SKULL - STANDARD PARAMETER/Frame1/,D:/Hoffman/NiftiImages/Cardiff_07.nii.gz
D:/Hoffman/_Cardiff/NoSkull/NO SKULL - STANDARD PARAMETER/Frame2/,D:/Hoffman/NiftiImages/Cardiff_08.nii.gz
D:/Hoffman/_Cardiff/NoSkull/NO SKULL - STANDARD PARAMETER/Frame3/,D:/Hoffman/NiftiImages/Cardiff_09.nii.gz
D:/Hoffman/_Cardiff/NoSkull/NO SKULL - STANDARD PARAMETER/Frame4/,D:/Hoffman/NiftiImages/Cardiff_10.nii.gz
D:/Hoffman/_Cardiff/NoSkull/NO SKULL - STANDARD PARAMETER/Frame5/,D:/Hoffman/NiftiImages/Cardiff_11.nii.gz
D:/Hoffman/_Cardiff/NoSkull/NO SKULL - STANDARD PARAMETER/Frame6/,D:/Hoffman/NiftiImages/Cardiff_12.nii.gz
D:/Hoffman/_Cardiff/Skull/SKULL PETIC RECON/Frame1/,D:/Hoffman/NiftiImages/Cardiff_13.nii.gz
D:/Hoffman/_Cardiff/Skull/SKULL PETIC RECON/Frame2/,D:/Hoffman/NiftiImages/Cardiff_14.nii.gz
D:/Hoffman/_Cardiff/Skull/SKULL PETIC RECON/Frame3/,D:/Hoffman/NiftiImages/Cardiff_15.nii.gz
D:/Hoffman/_Cardiff/Skull/SKULL PETIC RECON/Frame4/,D:/Hoffman/NiftiImages/Cardiff_16.nii.gz
D:/Hoffman/_Cardiff/Skull/SKULL PETIC RECON/Frame5/,D:/Hoffman/NiftiImages/Cardiff_17.nii.gz
D:/Hoffman/_Cardiff/Skull/SKULL PETIC RECON/Frame6/,D:/Hoffman/NiftiImages/Cardiff_18.nii.gz
D:/Hoffman/_Cardiff/Skull/SKULL STANDARD RECON/Frame1/,D:/Hoffman/NiftiImages/Cardiff_19.nii.gz
D:/Hoffman/_Cardiff/Skull/SKULL STANDARD RECON/Frame2/,D:/Hoffman/NiftiImages/Cardiff_20.nii.gz
D:/Hoffman/_Cardiff/Skull/SKULL STANDARD RECON/Frame3/,D:/Hoffman/NiftiImages/Cardiff_21.nii.gz
D:/Hoffman/_Cardiff/Skull/SKULL STANDARD RECON/Frame4/,D:/Hoffman/NiftiImages/Cardiff_22.nii.gz
D:/Hoffman/_Cardiff/Skull/SKULL STANDARD RECON/Frame5/,D:/Hoffman/NiftiImages/Cardiff_23.nii.gz
D:/Hoffman/_Cardiff/Skull/SKULL STANDARD RECON/Frame6/,D:/Hoffman/NiftiImages/Cardiff_24.nii.gz
D:/Hoffman/_Christie/Hoffman_NoSkull2_2014_06_13/Hoffman_CTAC-50cm_3x20_128_25cm_4mm/Frame1/,D:/Hoffman/NiftiImages/Christie_01.nii.gz
D:/Hoffman/_Christie/Hoffman_NoSkull2_2014_06_13/Hoffman_CTAC-50cm_3x20_128_25cm_4mm/Frame2/,D:/Hoffman/NiftiImages/Christie_02.nii.gz
D:/Hoffman/_Christie/Hoffman_NoSkull2_2014_06_13/Hoffman_CTAC-50cm_3x20_128_25cm_4mm/Frame3/,D:/Hoffman/NiftiImages/Christie_03.nii.gz
D:/Hoffman/_Christie/Hoffman_NoSkull2_2014_06_13/Hoffman_CTAC-50cm_3x20_128_25cm_4mm/Frame4/,D:/Hoffman/NiftiImages/Christie_04.nii.gz
D:/Hoffman/_Christie/Hoffman_NoSkull2_2014_06_13/Hoffman_CTAC-50cm_3x20_128_25cm_4mm/Frame5/,D:/Hoffman/NiftiImages/Christie_05.nii.gz
D:/Hoffman/_Christie/Hoffman_NoSkull2_2014_06_13/Hoffman_CTAC-50cm_3x20_128_25cm_4mm/Frame6/,D:/Hoffman/NiftiImages/Christie_06.nii.gz
D:/Hoffman/_Christie/Hoffman_NoSkull2_2014_06_13/Hoffman_CT_2-5mm_25cm/,D:/Hoffman/NiftiImages/Christie_07.nii.gz
D:/Hoffman/_Christie/Hoffman_NoSkull2_2014_06_13/Hoffman_CT_3-27mm_AC_50cm/,D:/Hoffman/NiftiImages/Christie_08.nii.gz
D:/Hoffman/_Christie/Hoffman_NoSkull2_2014_06_13/Standard_3D_CTAC_Iterative/,D:/Hoffman/NiftiImages/Christie_09.nii.gz
D:/Hoffman/_Christie/Hoffman_NoSkull2_2014_06_13/Standard_3D_noAC_Iterative/,D:/Hoffman/NiftiImages/Christie_10.nii.gz
D:/Hoffman/_Christie/Hoffman_NoSkull2_2014_06_13/Standard_CT Brain/,D:/Hoffman/NiftiImages/Christie_11.nii.gz
D:/Hoffman/_Christie/Hoffman_NoSkull2_2014_06_13/Standard_CTAC Brain/,D:/Hoffman/NiftiImages/Christie_12.nii.gz
D:/Hoffman/_Christie/Hoffman_NoSkull2_2014_06_13/Standard_CTAC_2x20_128_30cm_2-14mm/Frame1/,D:/Hoffman/NiftiImages/Christie_13.nii.gz
D:/Hoffman/_Christie/Hoffman_NoSkull2_2014_06_13/Standard_CTAC_2x20_128_30cm_2-14mm/Frame2/,D:/Hoffman/NiftiImages/Christie_14.nii.gz
D:/Hoffman/_Christie/Hoffman_NoSkull2_2014_06_13/Standard_CTAC_2x20_128_30cm_2-14mm/Frame3/,D:/Hoffman/NiftiImages/Christie_15.nii.gz
D:/Hoffman/_Christie/Hoffman_NoSkull2_2014_06_13/Standard_CTAC_2x20_128_30cm_2-14mm/Frame4/,D:/Hoffman/NiftiImages/Christie_16.nii.gz
D:/Hoffman/_Christie/Hoffman_NoSkull2_2014_06_13/Standard_CTAC_2x20_128_30cm_2-14mm/Frame5/,D:/Hoffman/NiftiImages/Christie_17.nii.gz
D:/Hoffman/_Christie/Hoffman_NoSkull2_2014_06_13/Standard_CTAC_2x20_128_30cm_2-14mm/Frame6/,D:/Hoffman/NiftiImages/Christie_18.nii.gz
D:/Hoffman/_Christie/Hoffman_NoSkull_2014_06_09/Hoffman_CTAC-50cm_3x20_128_25cm_4mm/Frame1/,D:/Hoffman/NiftiImages/Christie_19.nii.gz
D:/Hoffman/_Christie/Hoffman_NoSkull_2014_06_09/Hoffman_CTAC-50cm_3x20_128_25cm_4mm/Frame2/,D:/Hoffman/NiftiImages/Christie_20.nii.gz
D:/Hoffman/_Christie/Hoffman_NoSkull_2014_06_09/Hoffman_CTAC-50cm_3x20_128_25cm_4mm/Frame3/,D:/Hoffman/NiftiImages/Christie_21.nii.gz
D:/Hoffman/_Christie/Hoffman_NoSkull_2014_06_09/Hoffman_CTAC-50cm_3x20_128_25cm_4mm/Frame4/,D:/Hoffman/NiftiImages/Christie_22.nii.gz
D:/Hoffman/_Christie/Hoffman_NoSkull_2014_06_09/Hoffman_CTAC-50cm_3x20_128_25cm_4mm/Frame5/,D:/Hoffman/NiftiImages/Christie_23.nii.gz
D:/Hoffman/_Christie/Hoffman_NoSkull_2014_06_09/Hoffman_CTAC-50cm_3x20_128_25cm_4mm/Frame6/,D:/Hoffman/NiftiImages/Christie_24.nii.gz
D:/Hoffman/_Christie/Hoffman_NoSkull_2014_06_09/Hoffman_CT_2-5mm_25cm/,D:/Hoffman/NiftiImages/Christie_25.nii.gz
D:/Hoffman/_Christie/Hoffman_NoSkull_2014_06_09/Hoffman_CT_3-27mm_AC_50cm/,D:/Hoffman/NiftiImages/Christie_26.nii.gz
D:/Hoffman/_Christie/Hoffman_NoSkull_2014_06_09/Standard_3D_CTAC_Iterative/,D:/Hoffman/NiftiImages/Christie_27.nii.gz
D:/Hoffman/_Christie/Hoffman_NoSkull_2014_06_09/Standard_3D_noAC_Iterative/,D:/Hoffman/NiftiImages/Christie_28.nii.gz
D:/Hoffman/_Christie/Hoffman_NoSkull_2014_06_09/Standard_CT Brain/,D:/Hoffman/NiftiImages/Christie_29.nii.gz
D:/Hoffman/_Christie/Hoffman_NoSkull_2014_06_09/Standard_CTAC Brain/,D:/Hoffman/NiftiImages/Christie_30.nii.gz
D:/Hoffman/_Christie/Hoffman_NoSkull_2014_06_09/Standard_CTAC_2X20_128_30cm_2-14mm/Frame1/,D:/Hoffman/NiftiImages/Christie_31.nii.gz
D:/Hoffman/_Christie/Hoffman_NoSkull_2014_06_09/Standard_CTAC_2X20_128_30cm_2-14mm/Frame2/,D:/Hoffman/NiftiImages/Christie_32.nii.gz
D:/Hoffman/_Christie/Hoffman_NoSkull_2014_06_09/Standard_CTAC_2X20_128_30cm_2-14mm/Frame3/,D:/Hoffman/NiftiImages/Christie_33.nii.gz
D:/Hoffman/_Christie/Hoffman_NoSkull_2014_06_09/Standard_CTAC_2X20_128_30cm_2-14mm/Frame4/,D:/Hoffman/NiftiImages/Christie_34.nii.gz
D:/Hoffman/_Christie/Hoffman_NoSkull_2014_06_09/Standard_CTAC_2X20_128_30cm_2-14mm/Frame5/,D:/Hoffman/NiftiImages/Christie_35.nii.gz
D:/Hoffman/_Christie/Hoffman_NoSkull_2014_06_09/Standard_CTAC_2X20_128_30cm_2-14mm/Frame6/,D:/Hoffman/NiftiImages/Christie_36.nii.gz
D:/Hoffman/_Christie/Hoffman_Skull_2014_06_09/Hoffman_CTAC-50cm_3x20_128_25cm_4mm/Frame1/,D:/Hoffman/NiftiImages/Christie_37.nii.gz
D:/Hoffman/_Christie/Hoffman_Skull_2014_06_09/Hoffman_CTAC-50cm_3x20_128_25cm_4mm/Frame2/,D:/Hoffman/NiftiImages/Christie_38.nii.gz
D:/Hoffman/_Christie/Hoffman_Skull_2014_06_09/Hoffman_CTAC-50cm_3x20_128_25cm_4mm/Frame3/,D:/Hoffman/NiftiImages/Christie_39.nii.gz
D:/Hoffman/_Christie/Hoffman_Skull_2014_06_09/Hoffman_CTAC-50cm_3x20_128_25cm_4mm/Frame4/,D:/Hoffman/NiftiImages/Christie_40.nii.gz
D:/Hoffman/_Christie/Hoffman_Skull_2014_06_09/Hoffman_CTAC-50cm_3x20_128_25cm_4mm/Frame5/,D:/Hoffman/NiftiImages/Christie_41.nii.gz
D:/Hoffman/_Christie/Hoffman_Skull_2014_06_09/Hoffman_CTAC-50cm_3x20_128_25cm_4mm/Frame6/,D:/Hoffman/NiftiImages/Christie_42.nii.gz
D:/Hoffman/_Christie/Hoffman_Skull_2014_06_09/Hoffman_CT_2-5mm_25cm/,D:/Hoffman/NiftiImages/Christie_43.nii.gz
D:/Hoffman/_Christie/Hoffman_Skull_2014_06_09/Hoffman_CT_3-27mm_AC_50cm/,D:/Hoffman/NiftiImages/Christie_44.nii.gz
D:/Hoffman/_Christie/Hoffman_Skull_2014_06_09/Standard_3D_noAC_Iterative/,D:/Hoffman/NiftiImages/Christie_45.nii.gz
D:/Hoffman/_Christie/Hoffman_Skull_2014_06_09/Standard_CT Brain/,D:/Hoffman/NiftiImages/Christie_46.nii.gz
D:/Hoffman/_Christie/Hoffman_Skull_2014_06_09/Standard_CTAC Brain/,D:/Hoffman/NiftiImages/Christie_47.nii.gz
D:/Hoffman/_Christie/Hoffman_Skull_2014_06_09/Standard_CTAC_2x20_128_30cm_2-14mm/Frame1/,D:/Hoffman/NiftiImages/Christie_48.nii.gz
D:/Hoffman/_Christie/Hoffman_Skull_2014_06_09/Standard_CTAC_2x20_128_30cm_2-14mm/Frame2/,D:/Hoffman/NiftiImages/Christie_49.nii.gz
D:/Hoffman/_Christie/Hoffman_Skull_2014_06_09/Standard_CTAC_2x20_128_30cm_2-14mm/Frame3/,D:/Hoffman/NiftiImages/Christie_50.nii.gz
D:/Hoffman/_Christie/Hoffman_Skull_2014_06_09/Standard_CTAC_2x20_128_30cm_2-14mm/Frame4/,D:/Hoffman/NiftiImages/Christie_51.nii.gz
D:/Hoffman/_Christie/Hoffman_Skull_2014_06_09/Standard_CTAC_2x20_128_30cm_2-14mm/Frame5/,D:/Hoffman/NiftiImages/Christie_52.nii.gz
D:/Hoffman/_Christie/Hoffman_Skull_2014_06_09/Standard_CTAC_2x20_128_30cm_2-14mm/Frame6/,D:/Hoffman/NiftiImages/Christie_53.nii.gz
D:/Hoffman/_Christie/Hoffman_Skull_2014_06_09/_Frame1_Hoffman_CTAC-50cm_3x20_128_25cm_4mm/,D:/Hoffman/NiftiImages/Christie_54.nii.gz
D:/Hoffman/_Dundee/#20_DD_Hoffman_1x5_Skull/,D:/Hoffman/NiftiImages/Dundee_01.nii.gz
D:/Hoffman/_Dundee/#21_DD_Hoffman_2x5_Skull/,D:/Hoffman/NiftiImages/Dundee_02.nii.gz
D:/Hoffman/_Dundee/#22_DD_Hoffman_3x5_Skull/,D:/Hoffman/NiftiImages/Dundee_03.nii.gz
D:/Hoffman/_Dundee/#23_DD_Hoffman_4x5_Skull/,D:/Hoffman/NiftiImages/Dundee_04.nii.gz
D:/Hoffman/_Dundee/#24_DD_Hoffman_5x5_Skull/,D:/Hoffman/NiftiImages/Dundee_05.nii.gz
D:/Hoffman/_Dundee/#25_DD_Hoffman_6x5_Skull/,D:/Hoffman/NiftiImages/Dundee_06.nii.gz
D:/Hoffman/_Dundee/#26_DD_Hoffman_1x5/,D:/Hoffman/NiftiImages/Dundee_07.nii.gz
D:/Hoffman/_Dundee/#26_DD_Hoffman_2x5 Clinical_Skull/,D:/Hoffman/NiftiImages/Dundee_08.nii.gz
D:/Hoffman/_Dundee/#27_DD_Hoffman_2x5/,D:/Hoffman/NiftiImages/Dundee_09.nii.gz
D:/Hoffman/_Dundee/#27_DD_Hoffman_3x5 Clinical_Skull/,D:/Hoffman/NiftiImages/Dundee_10.nii.gz
D:/Hoffman/_Dundee/#28_DD_Hoffman_3x5/,D:/Hoffman/NiftiImages/Dundee_11.nii.gz
D:/Hoffman/_Dundee/#28_DD_Hoffman_4x5 Clinical_Skull/,D:/Hoffman/NiftiImages/Dundee_12.nii.gz
D:/Hoffman/_Dundee/#29_DD_Hoffman_4x5/,D:/Hoffman/NiftiImages/Dundee_13.nii.gz
D:/Hoffman/_Dundee/#29_DD_Hoffman_5x5 Clinical_Skull/,D:/Hoffman/NiftiImages/Dundee_14.nii.gz
D:/Hoffman/_Dundee/#30_DD_Hoffman_5x5/,D:/Hoffman/NiftiImages/Dundee_15.nii.gz
D:/Hoffman/_Dundee/#30_DD_Hoffman_6x5 Clinical_Skull/,D:/Hoffman/NiftiImages/Dundee_16.nii.gz
D:/Hoffman/_Dundee/#31_DD_Hoffman_1x5 Clinical_Skull/,D:/Hoffman/NiftiImages/Dundee_17.nii.gz
D:/Hoffman/_Dundee/#31_DD_Hoffman_6x5/,D:/Hoffman/NiftiImages/Dundee_18.nii.gz
D:/Hoffman/_Dundee/#32_DD_Hoffman_1x5 Clinical/,D:/Hoffman/NiftiImages/Dundee_19.nii.gz
D:/Hoffman/_Dundee/#33_DD_Hoffman_2x5 Clinical/,D:/Hoffman/NiftiImages/Dundee_20.nii.gz
D:/Hoffman/_Dundee/#34_DD_Hoffman_3x5 Clinical/,D:/Hoffman/NiftiImages/Dundee_21.nii.gz
D:/Hoffman/_Dundee/#35_DD_Hoffman_4x5 Clinical/,D:/Hoffman/NiftiImages/Dundee_22.nii.gz
D:/Hoffman/_Dundee/#36_DD_Hoffman_5x5 Clinical/,D:/Hoffman/NiftiImages/Dundee_23.nii.gz
D:/Hoffman/_Dundee/#37_DD_Hoffman_6x5 Clinical/,D:/Hoffman/NiftiImages/Dundee_24.nii.gz
D:/Hoffman/_Edinburgh/#10_Hoff skull OSEM 3i24s 4mm 400 z1/,D:/Hoffman/NiftiImages/Edinburgh_01.nii.gz
D:/Hoffman/_Edinburgh/#11_Hoff AC OSEM+TOF 4i21s 4mm 400 z2/Frame1/,D:/Hoffman/NiftiImages/Edinburgh_02.nii.gz
D:/Hoffman/_Edinburgh/#11_Hoff AC OSEM+TOF 4i21s 4mm 400 z2/Frame2/,D:/Hoffman/NiftiImages/Edinburgh_03.nii.gz
D:/Hoffman/_Edinburgh/#11_Hoff AC OSEM+TOF 4i21s 4mm 400 z2/Frame3/,D:/Hoffman/NiftiImages/Edinburgh_04.nii.gz
D:/Hoffman/_Edinburgh/#11_Hoff AC OSEM+TOF 4i21s 4mm 400 z2/Frame4/,D:/Hoffman/NiftiImages/Edinburgh_05.nii.gz
D:/Hoffman/_Edinburgh/#11_Hoff AC OSEM+TOF 4i21s 4mm 400 z2/Frame5/,D:/Hoffman/NiftiImages/Edinburgh_06.nii.gz
D:/Hoffman/_Edinburgh/#11_Hoff AC OSEM+TOF 4i21s 4mm 400 z2/Frame6/,D:/Hoffman/NiftiImages/Edinburgh_07.nii.gz
D:/Hoffman/_Edinburgh/#12_Hoff AC OSEM 3i24s 4mm 400 z1/Frame1/,D:/Hoffman/NiftiImages/Edinburgh_08.nii.gz
D:/Hoffman/_Edinburgh/#12_Hoff AC OSEM 3i24s 4mm 400 z1/Frame2/,D:/Hoffman/NiftiImages/Edinburgh_09.nii.gz
D:/Hoffman/_Edinburgh/#12_Hoff AC OSEM 3i24s 4mm 400 z1/Frame3/,D:/Hoffman/NiftiImages/Edinburgh_10.nii.gz
D:/Hoffman/_Edinburgh/#12_Hoff AC OSEM 3i24s 4mm 400 z1/Frame4/,D:/Hoffman/NiftiImages/Edinburgh_11.nii.gz
D:/Hoffman/_Edinburgh/#12_Hoff AC OSEM 3i24s 4mm 400 z1/Frame5/,D:/Hoffman/NiftiImages/Edinburgh_12.nii.gz
D:/Hoffman/_Edinburgh/#12_Hoff AC OSEM 3i24s 4mm 400 z1/Frame6/,D:/Hoffman/NiftiImages/Edinburgh_13.nii.gz
D:/Hoffman/_Edinburgh/#7_Hoff skull AC OSEM 3i24s 4mm 128 z1/Frame1/,D:/Hoffman/NiftiImages/Edinburgh_14.nii.gz
D:/Hoffman/_Edinburgh/#7_Hoff skull AC OSEM 3i24s 4mm 128 z1/Frame2/,D:/Hoffman/NiftiImages/Edinburgh_15.nii.gz
D:/Hoffman/_Edinburgh/#7_Hoff skull AC OSEM 3i24s 4mm 128 z1/Frame3/,D:/Hoffman/NiftiImages/Edinburgh_16.nii.gz
D:/Hoffman/_Edinburgh/#7_Hoff skull AC OSEM 3i24s 4mm 128 z1/Frame4/,D:/Hoffman/NiftiImages/Edinburgh_17.nii.gz
D:/Hoffman/_Edinburgh/#7_Hoff skull AC OSEM 3i24s 4mm 128 z1/Frame5/,D:/Hoffman/NiftiImages/Edinburgh_18.nii.gz
D:/Hoffman/_Edinburgh/#7_Hoff skull AC OSEM 3i24s 4mm 128 z1/Frame6/,D:/Hoffman/NiftiImages/Edinburgh_19.nii.gz
D:/Hoffman/_Edinburgh/#9_Hoff AC OSEM 3i24s 4mm 128 z1/Frame1/,D:/Hoffman/NiftiImages/Edinburgh_20.nii.gz
D:/Hoffman/_Edinburgh/#9_Hoff AC OSEM 3i24s 4mm 128 z1/Frame2/,D:/Hoffman/NiftiImages/Edinburgh_21.nii.gz
D:/Hoffman/_Edinburgh/#9_Hoff AC OSEM 3i24s 4mm 128 z1/Frame3/,D:/Hoffman/NiftiImages/Edinburgh_22.nii.gz
D:/Hoffman/_Edinburgh/#9_Hoff AC OSEM 3i24s 4mm 128 z1/Frame4/,D:/Hoffman/NiftiImages/Edinburgh_23.nii.gz
D:/Hoffman/_Edinburgh/#9_Hoff AC OSEM 3i24s 4mm 128 z1/Frame5/,D:/Hoffman/NiftiImages/Edinburgh_24.nii.gz
D:/Hoffman/_Edinburgh/#9_Hoff AC OSEM 3i24s 4mm 128 z1/Frame6/,D:/Hoffman/NiftiImages/Edinburgh_25.nii.gz
D:/Hoffman/_Edinburgh/#9_Hoff skull AC OSEM+TOF 4i21s 4mm 400 z2/Frame1/,D:/Hoffman/NiftiImages/Edinburgh_26.nii.gz
D:/Hoffman/_Edinburgh/#9_Hoff skull AC OSEM+TOF 4i21s 4mm 400 z2/Frame2/,D:/Hoffman/NiftiImages/Edinburgh_27.nii.gz
D:/Hoffman/_Edinburgh/#9_Hoff skull AC OSEM+TOF 4i21s 4mm 400 z2/Frame3/,D:/Hoffman/NiftiImages/Edinburgh_28.nii.gz
D:/Hoffman/_Edinburgh/#9_Hoff skull AC OSEM+TOF 4i21s 4mm 400 z2/Frame4/,D:/Hoffman/NiftiImages/Edinburgh_29.nii.gz
D:/Hoffman/_Edinburgh/#9_Hoff skull AC OSEM+TOF 4i21s 4mm 400 z2/Frame5/,D:/Hoffman/NiftiImages/Edinburgh_30.nii.gz
D:/Hoffman/_Edinburgh/#9_Hoff skull AC OSEM+TOF 4i21s 4mm 400 z2/Frame6/,D:/Hoffman/NiftiImages/Edinburgh_31.nii.gz
D:/Hoffman/_Glasgow/NoSkull/Glasgow PET 0-5m NO Skull/,D:/Hoffman/NiftiImages/Glasgow_01.nii.gz
D:/Hoffman/_Glasgow/NoSkull/Glasgow PET 10-15m NO Skull/,D:/Hoffman/NiftiImages/Glasgow_02.nii.gz
D:/Hoffman/_Glasgow/NoSkull/Glasgow PET 15-20m NO Skull/,D:/Hoffman/NiftiImages/Glasgow_03.nii.gz
D:/Hoffman/_Glasgow/NoSkull/Glasgow PET 20-25m NO Skull/,D:/Hoffman/NiftiImages/Glasgow_04.nii.gz
D:/Hoffman/_Glasgow/NoSkull/Glasgow PET 25-30m NO Skull/,D:/Hoffman/NiftiImages/Glasgow_05.nii.gz
D:/Hoffman/_Glasgow/NoSkull/Glasgow PET 5-10m NO Skull/,D:/Hoffman/NiftiImages/Glasgow_06.nii.gz
D:/Hoffman/_Glasgow/NoSkull/UK PET 0-5m NO Skull/,D:/Hoffman/NiftiImages/Glasgow_07.nii.gz
D:/Hoffman/_Glasgow/NoSkull/UK PET 0-5m NO Skull NToF/,D:/Hoffman/NiftiImages/Glasgow_08.nii.gz
D:/Hoffman/_Glasgow/NoSkull/UK PET 10-15m NO Skull/,D:/Hoffman/NiftiImages/Glasgow_09.nii.gz
D:/Hoffman/_Glasgow/NoSkull/UK PET 10-15m NO Skull NToF/,D:/Hoffman/NiftiImages/Glasgow_10.nii.gz
D:/Hoffman/_Glasgow/NoSkull/UK PET 15-20m NO Skull/,D:/Hoffman/NiftiImages/Glasgow_11.nii.gz
D:/Hoffman/_Glasgow/NoSkull/UK PET 15-20m NO Skull NToF/,D:/Hoffman/NiftiImages/Glasgow_12.nii.gz
D:/Hoffman/_Glasgow/NoSkull/UK PET 20-25m NO Skull/,D:/Hoffman/NiftiImages/Glasgow_13.nii.gz
D:/Hoffman/_Glasgow/NoSkull/UK PET 20-25m NO Skull NToF/,D:/Hoffman/NiftiImages/Glasgow_14.nii.gz
D:/Hoffman/_Glasgow/NoSkull/UK PET 25-30m NO Skull/,D:/Hoffman/NiftiImages/Glasgow_15.nii.gz
D:/Hoffman/_Glasgow/NoSkull/UK PET 25-30m NO Skull NToF/,D:/Hoffman/NiftiImages/Glasgow_16.nii.gz
D:/Hoffman/_Glasgow/NoSkull/UK PET 5-10m NO Skull/,D:/Hoffman/NiftiImages/Glasgow_17.nii.gz
D:/Hoffman/_Glasgow/NoSkull/UK PET 5-10m NO Skull NToF/,D:/Hoffman/NiftiImages/Glasgow_18.nii.gz
D:/Hoffman/_Glasgow/Skull/Glasgow PET 0-5m Skull/,D:/Hoffman/NiftiImages/Glasgow_19.nii.gz
D:/Hoffman/_Glasgow/Skull/Glasgow PET 10-15m Skull/,D:/Hoffman/NiftiImages/Glasgow_20.nii.gz
D:/Hoffman/_Glasgow/Skull/Glasgow PET 15-20m Skull/,D:/Hoffman/NiftiImages/Glasgow_21.nii.gz
D:/Hoffman/_Glasgow/Skull/Glasgow PET 20-25m Skull/,D:/Hoffman/NiftiImages/Glasgow_22.nii.gz
D:/Hoffman/_Glasgow/Skull/Glasgow PET 25-30m Skull/,D:/Hoffman/NiftiImages/Glasgow_23.nii.gz
D:/Hoffman/_Glasgow/Skull/Glasgow PET 5-10m Skull/,D:/Hoffman/NiftiImages/Glasgow_24.nii.gz
D:/Hoffman/_Glasgow/Skull/UK PET 0-5m Skull/,D:/Hoffman/NiftiImages/Glasgow_25.nii.gz
D:/Hoffman/_Glasgow/Skull/UK PET 0-5m Skull NToF/,D:/Hoffman/NiftiImages/Glasgow_26.nii.gz
D:/Hoffman/_Glasgow/Skull/UK PET 10-15m Skull/,D:/Hoffman/NiftiImages/Glasgow_27.nii.gz
D:/Hoffman/_Glasgow/Skull/UK PET 15-20m Skull/,D:/Hoffman/NiftiImages/Glasgow_28.nii.gz
D:/Hoffman/_Glasgow/Skull/UK PET 15-20m Skull NToF/,D:/Hoffman/NiftiImages/Glasgow_29.nii.gz
D:/Hoffman/_Glasgow/Skull/UK PET 20-25m Skull/,D:/Hoffman/NiftiImages/Glasgow_30.nii.gz
D:/Hoffman/_Glasgow/Skull/UK PET 20-25m Skull NToF/,D:/Hoffman/NiftiImages/Glasgow_31.nii.gz
D:/Hoffman/_Glasgow/Skull/UK PET 25-30m Skull/,D:/Hoffman/NiftiImages/Glasgow_32.nii.gz
D:/Hoffman/_Glasgow/Skull/UK PET 25-30m Skull NToF/,D:/Hoffman/NiftiImages/Glasgow_33.nii.gz
D:/Hoffman/_Glasgow/Skull/UK PET 5-10m Skull/,D:/Hoffman/NiftiImages/Glasgow_34.nii.gz
D:/Hoffman/_Glasgow/Skull/UK PET 5-10m Skull NToF/,D:/Hoffman/NiftiImages/Glasgow_35.nii.gz
D:/Hoffman/_Leeds/Hoffman phantom/NoSkull/#401_6x 5min dynamic/Frame1/,D:/Hoffman/NiftiImages/Leeds_01.nii.gz
D:/Hoffman/_Leeds/Hoffman phantom/NoSkull/#401_6x 5min dynamic/Frame2/,D:/Hoffman/NiftiImages/Leeds_02.nii.gz
D:/Hoffman/_Leeds/Hoffman phantom/NoSkull/#401_6x 5min dynamic/Frame3/,D:/Hoffman/NiftiImages/Leeds_03.nii.gz
D:/Hoffman/_Leeds/Hoffman phantom/NoSkull/#401_6x 5min dynamic/Frame4/,D:/Hoffman/NiftiImages/Leeds_04.nii.gz
D:/Hoffman/_Leeds/Hoffman phantom/NoSkull/#401_6x 5min dynamic/Frame5/,D:/Hoffman/NiftiImages/Leeds_05.nii.gz
D:/Hoffman/_Leeds/Hoffman phantom/NoSkull/#401_6x 5min dynamic/Frame6/,D:/Hoffman/NiftiImages/Leeds_06.nii.gz
D:/Hoffman/_Leeds/Hoffman phantom/NoSkull/#402_6X 5MIN DYN (CLINICAL)/Frame1/,D:/Hoffman/NiftiImages/Leeds_07.nii.gz
D:/Hoffman/_Leeds/Hoffman phantom/NoSkull/#402_6X 5MIN DYN (CLINICAL)/Frame2/,D:/Hoffman/NiftiImages/Leeds_08.nii.gz
D:/Hoffman/_Leeds/Hoffman phantom/NoSkull/#402_6X 5MIN DYN (CLINICAL)/Frame3/,D:/Hoffman/NiftiImages/Leeds_09.nii.gz
D:/Hoffman/_Leeds/Hoffman phantom/NoSkull/#402_6X 5MIN DYN (CLINICAL)/Frame4/,D:/Hoffman/NiftiImages/Leeds_10.nii.gz
D:/Hoffman/_Leeds/Hoffman phantom/NoSkull/#402_6X 5MIN DYN (CLINICAL)/Frame5/,D:/Hoffman/NiftiImages/Leeds_11.nii.gz
D:/Hoffman/_Leeds/Hoffman phantom/NoSkull/#402_6X 5MIN DYN (CLINICAL)/Frame6/,D:/Hoffman/NiftiImages/Leeds_12.nii.gz
D:/Hoffman/_Leeds/Hoffman phantom/Skull/#401_6x 5min dynamic/Frame1/,D:/Hoffman/NiftiImages/Leeds_13.nii.gz
D:/Hoffman/_Leeds/Hoffman phantom/Skull/#401_6x 5min dynamic/Frame2/,D:/Hoffman/NiftiImages/Leeds_14.nii.gz
D:/Hoffman/_Leeds/Hoffman phantom/Skull/#401_6x 5min dynamic/Frame3/,D:/Hoffman/NiftiImages/Leeds_15.nii.gz
D:/Hoffman/_Leeds/Hoffman phantom/Skull/#401_6x 5min dynamic/Frame4/,D:/Hoffman/NiftiImages/Leeds_16.nii.gz
D:/Hoffman/_Leeds/Hoffman phantom/Skull/#401_6x 5min dynamic/Frame5/,D:/Hoffman/NiftiImages/Leeds_17.nii.gz
D:/Hoffman/_Leeds/Hoffman phantom/Skull/#401_6x 5min dynamic/Frame6/,D:/Hoffman/NiftiImages/Leeds_18.nii.gz
D:/Hoffman/_Leeds/Hoffman phantom/Skull/#402_6X 5MIN DYN (CLINICAL)/Frame1/,D:/Hoffman/NiftiImages/Leeds_19.nii.gz
D:/Hoffman/_Leeds/Hoffman phantom/Skull/#402_6X 5MIN DYN (CLINICAL)/Frame2/,D:/Hoffman/NiftiImages/Leeds_20.nii.gz
D:/Hoffman/_Leeds/Hoffman phantom/Skull/#402_6X 5MIN DYN (CLINICAL)/Frame3/,D:/Hoffman/NiftiImages/Leeds_21.nii.gz
D:/Hoffman/_Leeds/Hoffman phantom/Skull/#402_6X 5MIN DYN (CLINICAL)/Frame4/,D:/Hoffman/NiftiImages/Leeds_22.nii.gz
D:/Hoffman/_Leeds/Hoffman phantom/Skull/#402_6X 5MIN DYN (CLINICAL)/Frame5/,D:/Hoffman/NiftiImages/Leeds_23.nii.gz
D:/Hoffman/_Leeds/Hoffman phantom/Skull/#402_6X 5MIN DYN (CLINICAL)/Frame6/,D:/Hoffman/NiftiImages/Leeds_24.nii.gz
D:/Hoffman/_Manchester/CNMNC_Hoffman_PET_2014_05_30_DRAFT/OUR CT Brain/3001/,D:/Hoffman/NiftiImages/Manchester_01.nii.gz
D:/Hoffman/_Manchester/CNMNC_Hoffman_PET_2014_05_30_DRAFT/OUR CT Brain/6001/,D:/Hoffman/NiftiImages/Manchester_02.nii.gz
D:/Hoffman/_Manchester/CNMNC_Hoffman_PET_2014_05_30_DRAFT/OUR CT Brain/8001/,D:/Hoffman/NiftiImages/Manchester_03.nii.gz
D:/Hoffman/_Manchester/CNMNC_Hoffman_PET_2014_05_30_DRAFT/PET Brain AC HD 400 3mm/Recon1/,D:/Hoffman/NiftiImages/Manchester_04.nii.gz
D:/Hoffman/_Manchester/CNMNC_Hoffman_PET_2014_05_30_DRAFT/PET Brain AC HD 400 3mm/Recon2/,D:/Hoffman/NiftiImages/Manchester_05.nii.gz
D:/Hoffman/_Manchester/CNMNC_Hoffman_PET_2014_05_30_DRAFT/PET Brain AC HD 400 3mm/Recon3/,D:/Hoffman/NiftiImages/Manchester_06.nii.gz
D:/Hoffman/_Manchester/CNMNC_Hoffman_PET_2014_05_30_DRAFT/PET Brain AC HD 400 3mm/Recon4/,D:/Hoffman/NiftiImages/Manchester_07.nii.gz
D:/Hoffman/_Manchester/CNMNC_Hoffman_PET_2014_05_30_DRAFT/PET Brain NAC HD 400 3mm/1/,D:/Hoffman/NiftiImages/Manchester_08.nii.gz
D:/Hoffman/_Manchester/CNMNC_Hoffman_PET_2014_05_30_DRAFT/PET Brain NAC HD 400 3mm/2/,D:/Hoffman/NiftiImages/Manchester_09.nii.gz
D:/Hoffman/_Manchester/CNMNC_Hoffman_PET_2014_05_30_DRAFT/PET Brain NAC HD 400 3mm/3/,D:/Hoffman/NiftiImages/Manchester_10.nii.gz
D:/Hoffman/_Manchester/CNMNC_Hoffman_PET_2014_05_30_DRAFT/PET Brain NAC HD 400 3mm/4/,D:/Hoffman/NiftiImages/Manchester_11.nii.gz
D:/Hoffman/_Manchester/CNMNC_Hoffman_PET_2014_05_30_DRAFT/STD CT Brain/4001/,D:/Hoffman/NiftiImages/Manchester_12.nii.gz
D:/Hoffman/_Manchester/CNMNC_Hoffman_PET_2014_05_30_DRAFT/STD CT Brain/9001/,D:/Hoffman/NiftiImages/Manchester_13.nii.gz
D:/Hoffman/_N-Staffs/DICOM/20140408/#4_PET Brain  & Skull/,D:/Hoffman/NiftiImages/N-Staffs_01.nii.gz
D:/Hoffman/_N-Staffs/DICOM/20140408/#4_PET Brain  & Skull/Frame1/,D:/Hoffman/NiftiImages/N-Staffs_02.nii.gz
D:/Hoffman/_N-Staffs/DICOM/20140408/#4_PET Brain  & Skull/Frame2/,D:/Hoffman/NiftiImages/N-Staffs_03.nii.gz
D:/Hoffman/_N-Staffs/DICOM/20140408/#4_PET Brain  & Skull/Frame3/,D:/Hoffman/NiftiImages/N-Staffs_04.nii.gz
D:/Hoffman/_N-Staffs/DICOM/20140408/#4_PET Brain  & Skull/Frame4/,D:/Hoffman/NiftiImages/N-Staffs_05.nii.gz
D:/Hoffman/_N-Staffs/DICOM/20140408/#4_PET Brain  & Skull/Frame5/,D:/Hoffman/NiftiImages/N-Staffs_06.nii.gz
D:/Hoffman/_N-Staffs/DICOM/20140408/#4_PET Brain  & Skull/Frame6/,D:/Hoffman/NiftiImages/N-Staffs_07.nii.gz
D:/Hoffman/_N-Staffs/DICOM/20140408/#5_PET Brain/Frame1/,D:/Hoffman/NiftiImages/N-Staffs_08.nii.gz
D:/Hoffman/_N-Staffs/DICOM/20140408/#5_PET Brain/Frame2/,D:/Hoffman/NiftiImages/N-Staffs_09.nii.gz
D:/Hoffman/_N-Staffs/DICOM/20140408/#5_PET Brain/Frame3/,D:/Hoffman/NiftiImages/N-Staffs_10.nii.gz
D:/Hoffman/_N-Staffs/DICOM/20140408/#5_PET Brain/Frame4/,D:/Hoffman/NiftiImages/N-Staffs_11.nii.gz
D:/Hoffman/_N-Staffs/DICOM/20140408/#5_PET Brain/Frame5/,D:/Hoffman/NiftiImages/N-Staffs_12.nii.gz
D:/Hoffman/_N-Staffs/DICOM/20140408/#5_PET Brain/Frame6/,D:/Hoffman/NiftiImages/N-Staffs_13.nii.gz
D:/Hoffman/_N-Staffs/DICOM/20140408/#5_PET Brain OSEM  & Skull/Frame1/,D:/Hoffman/NiftiImages/N-Staffs_14.nii.gz
D:/Hoffman/_N-Staffs/DICOM/20140408/#5_PET Brain OSEM  & Skull/Frame2/,D:/Hoffman/NiftiImages/N-Staffs_15.nii.gz
D:/Hoffman/_N-Staffs/DICOM/20140408/#5_PET Brain OSEM  & Skull/Frame3/,D:/Hoffman/NiftiImages/N-Staffs_16.nii.gz
D:/Hoffman/_N-Staffs/DICOM/20140408/#5_PET Brain OSEM  & Skull/Frame4/,D:/Hoffman/NiftiImages/N-Staffs_17.nii.gz
D:/Hoffman/_N-Staffs/DICOM/20140408/#5_PET Brain OSEM  & Skull/Frame5/,D:/Hoffman/NiftiImages/N-Staffs_18.nii.gz
D:/Hoffman/_N-Staffs/DICOM/20140408/#5_PET Brain OSEM  & Skull/Frame6/,D:/Hoffman/NiftiImages/N-Staffs_19.nii.gz
D:/Hoffman/_N-Staffs/DICOM/20140408/#6_PET Brain OSEM/Frame1/,D:/Hoffman/NiftiImages/N-Staffs_20.nii.gz
D:/Hoffman/_N-Staffs/DICOM/20140408/#6_PET Brain OSEM/Frame2/,D:/Hoffman/NiftiImages/N-Staffs_21.nii.gz
D:/Hoffman/_N-Staffs/DICOM/20140408/#6_PET Brain OSEM/Frame3/,D:/Hoffman/NiftiImages/N-Staffs_22.nii.gz
D:/Hoffman/_N-Staffs/DICOM/20140408/#6_PET Brain OSEM/Frame4/,D:/Hoffman/NiftiImages/N-Staffs_23.nii.gz
D:/Hoffman/_N-Staffs/DICOM/20140408/#6_PET Brain OSEM/Frame5/,D:/Hoffman/NiftiImages/N-Staffs_24.nii.gz
D:/Hoffman/_N-Staffs/DICOM/20140408/#6_PET Brain OSEM/Frame6/,D:/Hoffman/NiftiImages/N-Staffs_25.nii.gz
D:/Hoffman/_Newcastle/Local_Dynamic/Frame1/,D:/Hoffman/NiftiImages/Newcastle_01.nii.gz
D:/Hoffman/_Newcastle/Local_Dynamic/Frame2/,D:/Hoffman/NiftiImages/Newcastle_02.nii.gz
D:/Hoffman/_Newcastle/Local_Dynamic/Frame3/,D:/Hoffman/NiftiImages/Newcastle_03.nii.gz
D:/Hoffman/_Newcastle/Local_Dynamic/Frame4/,D:/Hoffman/NiftiImages/Newcastle_04.nii.gz
D:/Hoffman/_Newcastle/Local_Dynamic/Frame5/,D:/Hoffman/NiftiImages/Newcastle_05.nii.gz
D:/Hoffman/_Newcastle/Local_Dynamic/Frame6/,D:/Hoffman/NiftiImages/Newcastle_06.nii.gz
D:/Hoffman/_Newcastle/Sum/,D:/Hoffman/NiftiImages/Newcastle_07.nii.gz
D:/Hoffman/_Newcastle/UK AC PET/Frame1/,D:/Hoffman/NiftiImages/Newcastle_08.nii.gz
D:/Hoffman/_Newcastle/UK AC PET/Frame2/,D:/Hoffman/NiftiImages/Newcastle_09.nii.gz
D:/Hoffman/_Newcastle/UK AC PET/Frame3/,D:/Hoffman/NiftiImages/Newcastle_10.nii.gz
D:/Hoffman/_Newcastle/UK AC PET/Frame4/,D:/Hoffman/NiftiImages/Newcastle_11.nii.gz
D:/Hoffman/_Newcastle/UK AC PET/Frame5/,D:/Hoffman/NiftiImages/Newcastle_12.nii.gz
D:/Hoffman/_Newcastle/UK AC PET/Frame6/,D:/Hoffman/NiftiImages/Newcastle_13.nii.gz
D:/Hoffman/_RoyalSurrey/withoutSkull/PET_BRAIN_LOCALPETTOURCT_0013/Frame1/,D:/Hoffman/NiftiImages/RoyalSurrey_01.nii.gz
D:/Hoffman/_RoyalSurrey/withoutSkull/PET_BRAIN_LOCALPETTOURCT_0013/Frame2/,D:/Hoffman/NiftiImages/RoyalSurrey_02.nii.gz
D:/Hoffman/_RoyalSurrey/withoutSkull/PET_BRAIN_LOCALPETTOURCT_0013/Frame3/,D:/Hoffman/NiftiImages/RoyalSurrey_03.nii.gz
D:/Hoffman/_RoyalSurrey/withoutSkull/PET_BRAIN_LOCALPETTOURCT_0013/Frame4/,D:/Hoffman/NiftiImages/RoyalSurrey_04.nii.gz
D:/Hoffman/_RoyalSurrey/withoutSkull/PET_BRAIN_LOCALPETTOURCT_0013/Frame5/,D:/Hoffman/NiftiImages/RoyalSurrey_05.nii.gz
D:/Hoffman/_RoyalSurrey/withoutSkull/PET_BRAIN_LOCALPETTOURCT_0013/Frame6/,D:/Hoffman/NiftiImages/RoyalSurrey_06.nii.gz
D:/Hoffman/_RoyalSurrey/withoutSkull/PET_BRAIN_TOURPETTOURCT_0011/Frame1/,D:/Hoffman/NiftiImages/RoyalSurrey_07.nii.gz
D:/Hoffman/_RoyalSurrey/withoutSkull/PET_BRAIN_TOURPETTOURCT_0011/Frame2/,D:/Hoffman/NiftiImages/RoyalSurrey_08.nii.gz
D:/Hoffman/_RoyalSurrey/withoutSkull/PET_BRAIN_TOURPETTOURCT_0011/Frame3/,D:/Hoffman/NiftiImages/RoyalSurrey_09.nii.gz
D:/Hoffman/_RoyalSurrey/withoutSkull/PET_BRAIN_TOURPETTOURCT_0011/Frame4/,D:/Hoffman/NiftiImages/RoyalSurrey_10.nii.gz
D:/Hoffman/_RoyalSurrey/withoutSkull/PET_BRAIN_TOURPETTOURCT_0011/Frame5/,D:/Hoffman/NiftiImages/RoyalSurrey_11.nii.gz
D:/Hoffman/_RoyalSurrey/withoutSkull/PET_BRAIN_TOURPETTOURCT_0011/Frame6/,D:/Hoffman/NiftiImages/RoyalSurrey_12.nii.gz
D:/Hoffman/_RoyalSurrey/withoutSkull/PET_BRAIN_TOURPETTOURCT_0011_cropped/,D:/Hoffman/NiftiImages/RoyalSurrey_13.nii.gz
D:/Hoffman/_RoyalSurrey/withSkull/PET_BRAIN_LOCALPETTOURCT_0015/Frame1/,D:/Hoffman/NiftiImages/RoyalSurrey_14.nii.gz
D:/Hoffman/_RoyalSurrey/withSkull/PET_BRAIN_LOCALPETTOURCT_0015/Frame2/,D:/Hoffman/NiftiImages/RoyalSurrey_15.nii.gz
D:/Hoffman/_RoyalSurrey/withSkull/PET_BRAIN_LOCALPETTOURCT_0015/Frame3/,D:/Hoffman/NiftiImages/RoyalSurrey_16.nii.gz
D:/Hoffman/_RoyalSurrey/withSkull/PET_BRAIN_LOCALPETTOURCT_0015/Frame4/,D:/Hoffman/NiftiImages/RoyalSurrey_17.nii.gz
D:/Hoffman/_RoyalSurrey/withSkull/PET_BRAIN_LOCALPETTOURCT_0015/Frame5/,D:/Hoffman/NiftiImages/RoyalSurrey_18.nii.gz
D:/Hoffman/_RoyalSurrey/withSkull/PET_BRAIN_LOCALPETTOURCT_0015/Frame6/,D:/Hoffman/NiftiImages/RoyalSurrey_19.nii.gz
D:/Hoffman/_RoyalSurrey/withSkull/PET_BRAIN_TOURPETTOURCT_0017/Frame2/,D:/Hoffman/NiftiImages/RoyalSurrey_20.nii.gz
D:/Hoffman/_RoyalSurrey/withSkull/PET_BRAIN_TOURPETTOURCT_0017/Frame3/,D:/Hoffman/NiftiImages/RoyalSurrey_21.nii.gz
D:/Hoffman/_RoyalSurrey/withSkull/PET_BRAIN_TOURPETTOURCT_0017/Frame4/,D:/Hoffman/NiftiImages/RoyalSurrey_22.nii.gz
D:/Hoffman/_RoyalSurrey/withSkull/PET_BRAIN_TOURPETTOURCT_0017/Frame5/,D:/Hoffman/NiftiImages/RoyalSurrey_23.nii.gz
D:/Hoffman/_RoyalSurrey/withSkull/PET_BRAIN_TOURPETTOURCT_0017/Frame6/,D:/Hoffman/NiftiImages/RoyalSurrey_24.nii.gz
D:/Hoffman/_RoyalSurrey/withSkull/PET_BRAIN_TOURPETTOURCT_0017_cropped/,D:/Hoffman/NiftiImages/RoyalSurrey_25.nii.gz
D:/Hoffman/_Sheffield/sheffield_hoffman/PET_noskull/S888101/Frame1/,D:/Hoffman/NiftiImages/Sheffield_01.nii.gz
D:/Hoffman/_Sheffield/sheffield_hoffman/PET_noskull/S888101/Frame2/,D:/Hoffman/NiftiImages/Sheffield_02.nii.gz
D:/Hoffman/_Sheffield/sheffield_hoffman/PET_noskull/S888101/Frame3/,D:/Hoffman/NiftiImages/Sheffield_03.nii.gz
D:/Hoffman/_Sheffield/sheffield_hoffman/PET_noskull/S888101/Frame4/,D:/Hoffman/NiftiImages/Sheffield_04.nii.gz
D:/Hoffman/_Sheffield/sheffield_hoffman/PET_noskull/S888101/Frame5/,D:/Hoffman/NiftiImages/Sheffield_05.nii.gz
D:/Hoffman/_Sheffield/sheffield_hoffman/PET_noskull/S888101/Frame6/,D:/Hoffman/NiftiImages/Sheffield_06.nii.gz
D:/Hoffman/_Sheffield/sheffield_hoffman/PET_noskull/S907700/Frame1/,D:/Hoffman/NiftiImages/Sheffield_07.nii.gz
D:/Hoffman/_Sheffield/sheffield_hoffman/PET_noskull/S907700/Frame2/,D:/Hoffman/NiftiImages/Sheffield_08.nii.gz
D:/Hoffman/_Sheffield/sheffield_hoffman/PET_noskull/S907700/Frame3/,D:/Hoffman/NiftiImages/Sheffield_09.nii.gz
D:/Hoffman/_Sheffield/sheffield_hoffman/PET_noskull/S907700/Frame4/,D:/Hoffman/NiftiImages/Sheffield_10.nii.gz
D:/Hoffman/_Sheffield/sheffield_hoffman/PET_noskull/S907700/Frame5/,D:/Hoffman/NiftiImages/Sheffield_11.nii.gz
D:/Hoffman/_Sheffield/sheffield_hoffman/PET_noskull/S907700/Frame6/,D:/Hoffman/NiftiImages/Sheffield_12.nii.gz
D:/Hoffman/_Sheffield/sheffield_hoffman/PET_withskull/S12220/Frame1/,D:/Hoffman/NiftiImages/Sheffield_13.nii.gz
D:/Hoffman/_Sheffield/sheffield_hoffman/PET_withskull/S12220/Frame2/,D:/Hoffman/NiftiImages/Sheffield_14.nii.gz
D:/Hoffman/_Sheffield/sheffield_hoffman/PET_withskull/S12220/Frame3/,D:/Hoffman/NiftiImages/Sheffield_15.nii.gz
D:/Hoffman/_Sheffield/sheffield_hoffman/PET_withskull/S12220/Frame4/,D:/Hoffman/NiftiImages/Sheffield_16.nii.gz
D:/Hoffman/_Sheffield/sheffield_hoffman/PET_withskull/S12220/Frame5/,D:/Hoffman/NiftiImages/Sheffield_17.nii.gz
D:/Hoffman/_Sheffield/sheffield_hoffman/PET_withskull/S12220/Frame6/,D:/Hoffman/NiftiImages/Sheffield_18.nii.gz
D:/Hoffman/_Sheffield/sheffield_hoffman/PET_withskull/S12420/Frame1/,D:/Hoffman/NiftiImages/Sheffield_19.nii.gz
D:/Hoffman/_Sheffield/sheffield_hoffman/PET_withskull/S12420/Frame2/,D:/Hoffman/NiftiImages/Sheffield_20.nii.gz
D:/Hoffman/_Sheffield/sheffield_hoffman/PET_withskull/S12420/Frame3/,D:/Hoffman/NiftiImages/Sheffield_21.nii.gz
D:/Hoffman/_Sheffield/sheffield_hoffman/PET_withskull/S12420/Frame4/,D:/Hoffman/NiftiImages/Sheffield_22.nii.gz
D:/Hoffman/_Sheffield/sheffield_hoffman/PET_withskull/S12420/Frame5/,D:/Hoffman/NiftiImages/Sheffield_23.nii.gz
D:/Hoffman/_Sheffield/sheffield_hoffman/PET_withskull/S12420/Frame6/,D:/Hoffman/NiftiImages/Sheffield_24.nii.gz
D:/Hoffman/_StThomas/D5_HOFFMAN_NOSKULL/D5HOFFMANNOSKULLVPHDDYN_Std/Frame1/,D:/Hoffman/NiftiImages/StThomas_01.nii.gz
D:/Hoffman/_StThomas/D5_HOFFMAN_NOSKULL/D5HOFFMANNOSKULLVPHDDYN_Std/Frame2/,D:/Hoffman/NiftiImages/StThomas_02.nii.gz
D:/Hoffman/_StThomas/D5_HOFFMAN_NOSKULL/D5HOFFMANNOSKULLVPHDDYN_Std/Frame3/,D:/Hoffman/NiftiImages/StThomas_03.nii.gz
D:/Hoffman/_StThomas/D5_HOFFMAN_NOSKULL/D5HOFFMANNOSKULLVPHDDYN_Std/Frame4/,D:/Hoffman/NiftiImages/StThomas_04.nii.gz
D:/Hoffman/_StThomas/D5_HOFFMAN_NOSKULL/D5HOFFMANNOSKULLVPHDDYN_Std/Frame5/,D:/Hoffman/NiftiImages/StThomas_05.nii.gz
D:/Hoffman/_StThomas/D5_HOFFMAN_NOSKULL/D5HOFFMANNOSKULLVPHDDYN_Std/Frame6/,D:/Hoffman/NiftiImages/StThomas_06.nii.gz
D:/Hoffman/_StThomas/D5_HOFFMAN_NOSKULL/D5PETFDGBRAINVPFXDYN/Frame1/,D:/Hoffman/NiftiImages/StThomas_07.nii.gz
D:/Hoffman/_StThomas/D5_HOFFMAN_NOSKULL/D5PETFDGBRAINVPFXDYN/Frame2/,D:/Hoffman/NiftiImages/StThomas_08.nii.gz
D:/Hoffman/_StThomas/D5_HOFFMAN_NOSKULL/D5PETFDGBRAINVPFXDYN/Frame3/,D:/Hoffman/NiftiImages/StThomas_09.nii.gz
D:/Hoffman/_StThomas/D5_HOFFMAN_NOSKULL/D5PETFDGBRAINVPFXDYN/Frame4/,D:/Hoffman/NiftiImages/StThomas_10.nii.gz
D:/Hoffman/_StThomas/D5_HOFFMAN_NOSKULL/D5PETFDGBRAINVPFXDYN/Frame5/,D:/Hoffman/NiftiImages/StThomas_11.nii.gz
D:/Hoffman/_StThomas/D5_HOFFMAN_NOSKULL/D5PETFDGBRAINVPFXDYN/Frame6/,D:/Hoffman/NiftiImages/StThomas_12.nii.gz
D:/Hoffman/_StThomas/D5_HOFFMAN_NOSKULL/D5PETFDGBRAINVPFXDYN_Extra/Frame1/,D:/Hoffman/NiftiImages/StThomas_13.nii.gz
D:/Hoffman/_StThomas/D5_HOFFMAN_NOSKULL/D5PETFDGBRAINVPFXDYN_Extra/Frame2/,D:/Hoffman/NiftiImages/StThomas_14.nii.gz
D:/Hoffman/_StThomas/D5_HOFFMAN_NOSKULL/D5PETFDGBRAINVPFXDYN_Extra/Frame3/,D:/Hoffman/NiftiImages/StThomas_15.nii.gz
D:/Hoffman/_StThomas/D5_HOFFMAN_NOSKULL/D5PETFDGBRAINVPFXDYN_Extra/Frame4/,D:/Hoffman/NiftiImages/StThomas_16.nii.gz
D:/Hoffman/_StThomas/D5_HOFFMAN_NOSKULL/D5PETFDGBRAINVPFXDYN_Extra/Frame5/,D:/Hoffman/NiftiImages/StThomas_17.nii.gz
D:/Hoffman/_StThomas/D5_HOFFMAN_NOSKULL/D5PETFDGBRAINVPFXDYN_Extra/Frame6/,D:/Hoffman/NiftiImages/StThomas_18.nii.gz
D:/Hoffman/_StThomas/D5_HOFFMAN_NOSKULL/D5PETFDGBRAINVPFXSDYN/Frame1/,D:/Hoffman/NiftiImages/StThomas_19.nii.gz
D:/Hoffman/_StThomas/D5_HOFFMAN_NOSKULL/D5PETFDGBRAINVPFXSDYN/Frame2/,D:/Hoffman/NiftiImages/StThomas_20.nii.gz
D:/Hoffman/_StThomas/D5_HOFFMAN_NOSKULL/D5PETFDGBRAINVPFXSDYN/Frame3/,D:/Hoffman/NiftiImages/StThomas_21.nii.gz
D:/Hoffman/_StThomas/D5_HOFFMAN_NOSKULL/D5PETFDGBRAINVPFXSDYN/Frame4/,D:/Hoffman/NiftiImages/StThomas_22.nii.gz
D:/Hoffman/_StThomas/D5_HOFFMAN_NOSKULL/D5PETFDGBRAINVPFXSDYN/Frame5/,D:/Hoffman/NiftiImages/StThomas_23.nii.gz
D:/Hoffman/_StThomas/D5_HOFFMAN_NOSKULL/D5PETFDGBRAINVPFXSDYN/Frame6/,D:/Hoffman/NiftiImages/StThomas_24.nii.gz
D:/Hoffman/_StThomas/D5_HOFFMAN_NOSKULL/D5PETFDGBRAINVPFXSDYN_Local/Frame1/,D:/Hoffman/NiftiImages/StThomas_25.nii.gz
D:/Hoffman/_StThomas/D5_HOFFMAN_NOSKULL/D5PETFDGBRAINVPFXSDYN_Local/Frame2/,D:/Hoffman/NiftiImages/StThomas_26.nii.gz
D:/Hoffman/_StThomas/D5_HOFFMAN_NOSKULL/D5PETFDGBRAINVPFXSDYN_Local/Frame3/,D:/Hoffman/NiftiImages/StThomas_27.nii.gz
D:/Hoffman/_StThomas/D5_HOFFMAN_NOSKULL/D5PETFDGBRAINVPFXSDYN_Local/Frame4/,D:/Hoffman/NiftiImages/StThomas_28.nii.gz
D:/Hoffman/_StThomas/D5_HOFFMAN_NOSKULL/D5PETFDGBRAINVPFXSDYN_Local/Frame5/,D:/Hoffman/NiftiImages/StThomas_29.nii.gz
D:/Hoffman/_StThomas/D5_HOFFMAN_NOSKULL/D5PETFDGBRAINVPFXSDYN_Local/Frame6/,D:/Hoffman/NiftiImages/StThomas_30.nii.gz
D:/Hoffman/_StThomas/D5_HOFFMAN_SKULL/D5HOFFMAN_SKULLVPHDDYN_Std/Frame1/,D:/Hoffman/NiftiImages/StThomas_31.nii.gz
D:/Hoffman/_StThomas/D5_HOFFMAN_SKULL/D5HOFFMAN_SKULLVPHDDYN_Std/Frame2/,D:/Hoffman/NiftiImages/StThomas_32.nii.gz
D:/Hoffman/_StThomas/D5_HOFFMAN_SKULL/D5HOFFMAN_SKULLVPHDDYN_Std/Frame3/,D:/Hoffman/NiftiImages/StThomas_33.nii.gz
D:/Hoffman/_StThomas/D5_HOFFMAN_SKULL/D5HOFFMAN_SKULLVPHDDYN_Std/Frame4/,D:/Hoffman/NiftiImages/StThomas_34.nii.gz
D:/Hoffman/_StThomas/D5_HOFFMAN_SKULL/D5HOFFMAN_SKULLVPHDDYN_Std/Frame5/,D:/Hoffman/NiftiImages/StThomas_35.nii.gz
D:/Hoffman/_StThomas/D5_HOFFMAN_SKULL/D5HOFFMAN_SKULLVPHDDYN_Std/Frame6/,D:/Hoffman/NiftiImages/StThomas_36.nii.gz
D:/Hoffman/_StThomas/D5_HOFFMAN_SKULL/D5PETBRAINVPFXDYN/Frame1/,D:/Hoffman/NiftiImages/StThomas_37.nii.gz
D:/Hoffman/_StThomas/D5_HOFFMAN_SKULL/D5PETBRAINVPFXDYN/Frame2/,D:/Hoffman/NiftiImages/StThomas_38.nii.gz
D:/Hoffman/_StThomas/D5_HOFFMAN_SKULL/D5PETBRAINVPFXDYN/Frame3/,D:/Hoffman/NiftiImages/StThomas_39.nii.gz
D:/Hoffman/_StThomas/D5_HOFFMAN_SKULL/D5PETBRAINVPFXDYN/Frame4/,D:/Hoffman/NiftiImages/StThomas_40.nii.gz
D:/Hoffman/_StThomas/D5_HOFFMAN_SKULL/D5PETBRAINVPFXDYN/Frame5/,D:/Hoffman/NiftiImages/StThomas_41.nii.gz
D:/Hoffman/_StThomas/D5_HOFFMAN_SKULL/D5PETBRAINVPFXDYN/Frame6/,D:/Hoffman/NiftiImages/StThomas_42.nii.gz
D:/Hoffman/_StThomas/D5_HOFFMAN_SKULL/D5PETBRAINVPFXDYN_Extra/Frame1/,D:/Hoffman/NiftiImages/StThomas_43.nii.gz
D:/Hoffman/_StThomas/D5_HOFFMAN_SKULL/D5PETBRAINVPFXDYN_Extra/Frame2/,D:/Hoffman/NiftiImages/StThomas_44.nii.gz
D:/Hoffman/_StThomas/D5_HOFFMAN_SKULL/D5PETBRAINVPFXDYN_Extra/Frame3/,D:/Hoffman/NiftiImages/StThomas_45.nii.gz
D:/Hoffman/_StThomas/D5_HOFFMAN_SKULL/D5PETBRAINVPFXDYN_Extra/Frame4/,D:/Hoffman/NiftiImages/StThomas_46.nii.gz
D:/Hoffman/_StThomas/D5_HOFFMAN_SKULL/D5PETBRAINVPFXDYN_Extra/Frame5/,D:/Hoffman/NiftiImages/StThomas_47.nii.gz
D:/Hoffman/_StThomas/D5_HOFFMAN_SKULL/D5PETBRAINVPFXDYN_Extra/Frame6/,D:/Hoffman/NiftiImages/StThomas_48.nii.gz
D:/Hoffman/_StThomas/D5_HOFFMAN_SKULL/D5PETBRAINVPFXSDYN/Frame1/,D:/Hoffman/NiftiImages/StThomas_49.nii.gz
D:/Hoffman/_StThomas/D5_HOFFMAN_SKULL/D5PETBRAINVPFXSDYN/Frame2/,D:/Hoffman/NiftiImages/StThomas_50.nii.gz
D:/Hoffman/_StThomas/D5_HOFFMAN_SKULL/D5PETBRAINVPFXSDYN/Frame3/,D:/Hoffman/NiftiImages/StThomas_51.nii.gz
D:/Hoffman/_StThomas/D5_HOFFMAN_SKULL/D5PETBRAINVPFXSDYN/Frame4/,D:/Hoffman/NiftiImages/StThomas_52.nii.gz
D:/Hoffman/_StThomas/D5_HOFFMAN_SKULL/D5PETBRAINVPFXSDYN/Frame5/,D:/Hoffman/NiftiImages/StThomas_53.nii.gz
D:/Hoffman/_StThomas/D5_HOFFMAN_SKULL/D5PETBRAINVPFXSDYN/Frame6/,D:/Hoffman/NiftiImages/StThomas_54.nii.gz
D:/Hoffman/_StThomas/D5_HOFFMAN_SKULL/D5PETBRAINVPFXSDYN_Local/Frame1/,D:/Hoffman/NiftiImages/StThomas_55.nii.gz
D:/Hoffman/_StThomas/D5_HOFFMAN_SKULL/D5PETBRAINVPFXSDYN_Local/Frame2/,D:/Hoffman/NiftiImages/StThomas_56.nii.gz
D:/Hoffman/_StThomas/D5_HOFFMAN_SKULL/D5PETBRAINVPFXSDYN_Local/Frame3/,D:/Hoffman/NiftiImages/StThomas_57.nii.gz
D:/Hoffman/_StThomas/D5_HOFFMAN_SKULL/D5PETBRAINVPFXSDYN_Local/Frame4/,D:/Hoffman/NiftiImages/StThomas_58.nii.gz
D:/Hoffman/_StThomas/D5_HOFFMAN_SKULL/D5PETBRAINVPFXSDYN_Local/Frame5/,D:/Hoffman/NiftiImages/StThomas_59.nii.gz
D:/Hoffman/_StThomas/D5_HOFFMAN_SKULL/D5PETBRAINVPFXSDYN_Local/Frame6/,D:/Hoffman/NiftiImages/StThomas_60.nii.gz
D:/Hoffman/_StThomas/St Thomas VPHD/VPHD/WITH SKULL/D5HOFFMAN_SKULLVPHDDYN/Frame1/,D:/Hoffman/NiftiImages/StThomas_61.nii.gz
D:/Hoffman/_StThomas/St Thomas VPHD/VPHD/WITH SKULL/D5HOFFMAN_SKULLVPHDDYN/Frame2/,D:/Hoffman/NiftiImages/StThomas_62.nii.gz
D:/Hoffman/_StThomas/St Thomas VPHD/VPHD/WITH SKULL/D5HOFFMAN_SKULLVPHDDYN/Frame3/,D:/Hoffman/NiftiImages/StThomas_63.nii.gz
D:/Hoffman/_StThomas/St Thomas VPHD/VPHD/WITH SKULL/D5HOFFMAN_SKULLVPHDDYN/Frame4/,D:/Hoffman/NiftiImages/StThomas_64.nii.gz
D:/Hoffman/_StThomas/St Thomas VPHD/VPHD/WITH SKULL/D5HOFFMAN_SKULLVPHDDYN/Frame5/,D:/Hoffman/NiftiImages/StThomas_65.nii.gz
D:/Hoffman/_StThomas/St Thomas VPHD/VPHD/WITH SKULL/D5HOFFMAN_SKULLVPHDDYN/Frame6/,D:/Hoffman/NiftiImages/StThomas_66.nii.gz
D:/Hoffman/_StThomas/St Thomas VPHD/VPHD/WITHOUT SKULL/D5HOFFMANNOSKULLVPHDDYN/Frame1/,D:/Hoffman/NiftiImages/StThomas_67.nii.gz
D:/Hoffman/_StThomas/St Thomas VPHD/VPHD/WITHOUT SKULL/D5HOFFMANNOSKULLVPHDDYN/Frame2/,D:/Hoffman/NiftiImages/StThomas_68.nii.gz
D:/Hoffman/_StThomas/St Thomas VPHD/VPHD/WITHOUT SKULL/D5HOFFMANNOSKULLVPHDDYN/Frame3/,D:/Hoffman/NiftiImages/StThomas_69.nii.gz
D:/Hoffman/_StThomas/St Thomas VPHD/VPHD/WITHOUT SKULL/D5HOFFMANNOSKULLVPHDDYN/Frame4/,D:/Hoffman/NiftiImages/StThomas_70.nii.gz
D:/Hoffman/_StThomas/St Thomas VPHD/VPHD/WITHOUT SKULL/D5HOFFMANNOSKULLVPHDDYN/Frame5/,D:/Hoffman/NiftiImages/StThomas_71.nii.gz
D:/Hoffman/_StThomas/St Thomas VPHD/VPHD/WITHOUT SKULL/D5HOFFMANNOSKULLVPHDDYN/Frame6/,D:/Hoffman/NiftiImages/StThomas_72.nii.gz
D:/Hoffman/_UCL-UCLH/DST_HOFFMAN_NOSKULL/PET_DYN_6times5MIN/1.2.840.113619.2.55.3.2349523240.438.1378968805.817/Frame1/,D:/Hoffman/NiftiImages/UCL-UCLH_01.nii.gz
D:/Hoffman/_UCL-UCLH/DST_HOFFMAN_NOSKULL/PET_DYN_6times5MIN/1.2.840.113619.2.55.3.2349523240.438.1378968805.817/Frame2/,D:/Hoffman/NiftiImages/UCL-UCLH_02.nii.gz
D:/Hoffman/_UCL-UCLH/DST_HOFFMAN_NOSKULL/PET_DYN_6times5MIN/1.2.840.113619.2.55.3.2349523240.438.1378968805.817/Frame3/,D:/Hoffman/NiftiImages/UCL-UCLH_03.nii.gz
D:/Hoffman/_UCL-UCLH/DST_HOFFMAN_NOSKULL/PET_DYN_6times5MIN/1.2.840.113619.2.55.3.2349523240.438.1378968805.817/Frame4/,D:/Hoffman/NiftiImages/UCL-UCLH_04.nii.gz
D:/Hoffman/_UCL-UCLH/DST_HOFFMAN_NOSKULL/PET_DYN_6times5MIN/1.2.840.113619.2.55.3.2349523240.438.1378968805.817/Frame5/,D:/Hoffman/NiftiImages/UCL-UCLH_05.nii.gz
D:/Hoffman/_UCL-UCLH/DST_HOFFMAN_NOSKULL/PET_DYN_6times5MIN/1.2.840.113619.2.55.3.2349523240.438.1378968805.817/Frame6/,D:/Hoffman/NiftiImages/UCL-UCLH_06.nii.gz
D:/Hoffman/_UCL-UCLH/DST_HOFFMAN_NOSKULL/PET_SUM_30MIN/1.2.840.113619.2.55.3.2349523240.438.1378968805.817/,D:/Hoffman/NiftiImages/UCL-UCLH_07.nii.gz
D:/Hoffman/_UCL-UCLH/DST_HOFFMAN_SKULL/PET_DYN_6times5MIN/1.2.840.113619.2.55.3.2349523240.438.1378968805.664/Frame1/,D:/Hoffman/NiftiImages/UCL-UCLH_08.nii.gz
D:/Hoffman/_UCL-UCLH/DST_HOFFMAN_SKULL/PET_DYN_6times5MIN/1.2.840.113619.2.55.3.2349523240.438.1378968805.664/Frame2/,D:/Hoffman/NiftiImages/UCL-UCLH_09.nii.gz
D:/Hoffman/_UCL-UCLH/DST_HOFFMAN_SKULL/PET_DYN_6times5MIN/1.2.840.113619.2.55.3.2349523240.438.1378968805.664/Frame3/,D:/Hoffman/NiftiImages/UCL-UCLH_10.nii.gz
D:/Hoffman/_UCL-UCLH/DST_HOFFMAN_SKULL/PET_DYN_6times5MIN/1.2.840.113619.2.55.3.2349523240.438.1378968805.664/Frame4/,D:/Hoffman/NiftiImages/UCL-UCLH_11.nii.gz
D:/Hoffman/_UCL-UCLH/DST_HOFFMAN_SKULL/PET_DYN_6times5MIN/1.2.840.113619.2.55.3.2349523240.438.1378968805.664/Frame5/,D:/Hoffman/NiftiImages/UCL-UCLH_12.nii.gz
D:/Hoffman/_UCL-UCLH/DST_HOFFMAN_SKULL/PET_DYN_6times5MIN/1.2.840.113619.2.55.3.2349523240.438.1378968805.664/Frame6/,D:/Hoffman/NiftiImages/UCL-UCLH_13.nii.gz
D:/Hoffman/_UCL-UCLH/DST_HOFFMAN_SKULL/PET_SUM_30MIN/1.2.840.113619.2.55.3.2349523240.438.1378968805.664/,D:/Hoffman/NiftiImages/UCL-UCLH_14.nii.gz
D:/Hoffman/_UCL-UCLH/DVCT_HOFFMAN_NOSKULL/PET_DYN_6times5MIN/1.2.840.113619.2.55.3.2349523752.781.1378969999.87/Frame1/,D:/Hoffman/NiftiImages/UCL-UCLH_15.nii.gz
D:/Hoffman/_UCL-UCLH/DVCT_HOFFMAN_NOSKULL/PET_DYN_6times5MIN/1.2.840.113619.2.55.3.2349523752.781.1378969999.87/Frame2/,D:/Hoffman/NiftiImages/UCL-UCLH_16.nii.gz
D:/Hoffman/_UCL-UCLH/DVCT_HOFFMAN_NOSKULL/PET_DYN_6times5MIN/1.2.840.113619.2.55.3.2349523752.781.1378969999.87/Frame3/,D:/Hoffman/NiftiImages/UCL-UCLH_17.nii.gz
D:/Hoffman/_UCL-UCLH/DVCT_HOFFMAN_NOSKULL/PET_DYN_6times5MIN/1.2.840.113619.2.55.3.2349523752.781.1378969999.87/Frame4/,D:/Hoffman/NiftiImages/UCL-UCLH_18.nii.gz
D:/Hoffman/_UCL-UCLH/DVCT_HOFFMAN_NOSKULL/PET_DYN_6times5MIN/1.2.840.113619.2.55.3.2349523752.781.1378969999.87/Frame5/,D:/Hoffman/NiftiImages/UCL-UCLH_19.nii.gz
D:/Hoffman/_UCL-UCLH/DVCT_HOFFMAN_NOSKULL/PET_DYN_6times5MIN/1.2.840.113619.2.55.3.2349523752.781.1378969999.87/Frame6/,D:/Hoffman/NiftiImages/UCL-UCLH_20.nii.gz
D:/Hoffman/_UCL-UCLH/DVCT_HOFFMAN_NOSKULL/PET_SUM_30MIN/1.2.840.113619.2.55.3.2349523752.781.1378969999.87/,D:/Hoffman/NiftiImages/UCL-UCLH_21.nii.gz
D:/Hoffman/_UCL-UCLH/DVCT_HOFFMAN_SKULL/PET_DYN_6times5MIN/1.2.840.113619.2.55.3.2349523752.781.1378969998.980/Frame1/,D:/Hoffman/NiftiImages/UCL-UCLH_22.nii.gz
D:/Hoffman/_UCL-UCLH/DVCT_HOFFMAN_SKULL/PET_DYN_6times5MIN/1.2.840.113619.2.55.3.2349523752.781.1378969998.980/Frame2/,D:/Hoffman/NiftiImages/UCL-UCLH_23.nii.gz
D:/Hoffman/_UCL-UCLH/DVCT_HOFFMAN_SKULL/PET_DYN_6times5MIN/1.2.840.113619.2.55.3.2349523752.781.1378969998.980/Frame3/,D:/Hoffman/NiftiImages/UCL-UCLH_24.nii.gz
D:/Hoffman/_UCL-UCLH/DVCT_HOFFMAN_SKULL/PET_DYN_6times5MIN/1.2.840.113619.2.55.3.2349523752.781.1378969998.980/Frame4/,D:/Hoffman/NiftiImages/UCL-UCLH_25.nii.gz
D:/Hoffman/_UCL-UCLH/DVCT_HOFFMAN_SKULL/PET_DYN_6times5MIN/1.2.840.113619.2.55.3.2349523752.781.1378969998.980/Frame5/,D:/Hoffman/NiftiImages/UCL-UCLH_26.nii.gz
D:/Hoffman/_UCL-UCLH/DVCT_HOFFMAN_SKULL/PET_DYN_6times5MIN/1.2.840.113619.2.55.3.2349523752.781.1378969998.980/Frame6/,D:/Hoffman/NiftiImages/UCL-UCLH_27.nii.gz
D:/Hoffman/_UCL-UCLH/DVCT_HOFFMAN_SKULL/PET_SUM_30MIN/1.2.840.113619.2.55.3.2349523752.781.1378969998.980/,D:/Hoffman/NiftiImages/UCL-UCLH_28.nii.gz
D:/Hoffman/_WMIC/Hoffman_NoSkull_2014_06_09/6x5mm_CTAC_3x21_128_z2-7_4mm (AC)/Frame1/,D:/Hoffman/NiftiImages/WMIC_01.nii.gz
D:/Hoffman/_WMIC/Hoffman_NoSkull_2014_06_09/6x5mm_CTAC_3x21_128_z2-7_4mm (AC)/Frame2/,D:/Hoffman/NiftiImages/WMIC_02.nii.gz
D:/Hoffman/_WMIC/Hoffman_NoSkull_2014_06_09/6x5mm_CTAC_3x21_128_z2-7_4mm (AC)/Frame3/,D:/Hoffman/NiftiImages/WMIC_03.nii.gz
D:/Hoffman/_WMIC/Hoffman_NoSkull_2014_06_09/6x5mm_CTAC_3x21_128_z2-7_4mm (AC)/Frame4/,D:/Hoffman/NiftiImages/WMIC_04.nii.gz
D:/Hoffman/_WMIC/Hoffman_NoSkull_2014_06_09/6x5mm_CTAC_3x21_128_z2-7_4mm (AC)/Frame5/,D:/Hoffman/NiftiImages/WMIC_05.nii.gz
D:/Hoffman/_WMIC/Hoffman_NoSkull_2014_06_09/6x5mm_CTAC_3x21_128_z2-7_4mm (AC)/Frame6/,D:/Hoffman/NiftiImages/WMIC_06.nii.gz
D:/Hoffman/_WMIC/Hoffman_Skull_2014_06_09/6x5mm_CTAC_3x21_128_z2-7_4mm (AC)/Frame1/,D:/Hoffman/NiftiImages/WMIC_07.nii.gz
D:/Hoffman/_WMIC/Hoffman_Skull_2014_06_09/6x5mm_CTAC_3x21_128_z2-7_4mm (AC)/Frame2/,D:/Hoffman/NiftiImages/WMIC_08.nii.gz
D:/Hoffman/_WMIC/Hoffman_Skull_2014_06_09/6x5mm_CTAC_3x21_128_z2-7_4mm (AC)/Frame3/,D:/Hoffman/NiftiImages/WMIC_09.nii.gz
D:/Hoffman/_WMIC/Hoffman_Skull_2014_06_09/6x5mm_CTAC_3x21_128_z2-7_4mm (AC)/Frame4/,D:/Hoffman/NiftiImages/WMIC_10.nii.gz
D:/Hoffman/_WMIC/Hoffman_Skull_2014_06_09/6x5mm_CTAC_3x21_128_z2-7_4mm (AC)/Frame5/,D:/Hoffman/NiftiImages/WMIC_11.nii.gz
D:/Hoffman/_WMIC/Hoffman_Skull_2014_06_09/6x5mm_CTAC_3x21_128_z2-7_4mm (AC)/Frame6/,D:/Hoffman/NiftiImages/WMIC_12.nii.gz
